<?xml version="1.0" encoding="UTF-8" ?>
<!--
 * IBM Confidential
 *
 * OCO Source Materials
 *
 * 5724-U18, 5737-M66
 *
 * (C) COPYRIGHT IBM CORP. 2014,2021
 *
 * The source code for this program is not published or otherwise
 * divested of its trade secrets, irrespective of what has been
 * deposited with the U.S. Copyright Office.
 * 
 -->
<product>
	<name>IBM Maximo BIM Extensions</name>
	<version>
		<major>7</major>
		<minor>6</minor>
		<modlevel>0</modlevel>
		<patch>8</patch>
		<build>$build$</build>
	</version>
	<dbmaxvarname>BIM</dbmaxvarname>
	<dbscripts>bim</dbscripts>
	<dbversion>V7608-03</dbversion>
	<lastdbversion>V7606-00*V7606-06*V7607-01*V7608-03</lastdbversion>
	<checklicense>1</checklicense>
</product>
